,marks1,marks1,marks1,marks1,marks1,marks2,marks2,marks2,marks2,marks2
,min,mean,max,size,std,min,mean,max,size,std
course,,,,,,,,,,
BBA,40,69.72164948453609,99,388,17.972124420526885,40,68.90979381443299,99,388,16.965220753142468
BTECH,40,67.04950495049505,98,101,16.55740090571208,40,68.22772277227723,99,101,17.511071462431307
MBA,40,70.52589641434263,99,502,17.142770416071922,40,69.20318725099601,99,502,17.63011366908413
MTech,43,73.55555555555556,91,9,17.98687793303156,46,59.666666666666664,84,9,11.575836902790225
